{"cameraMode":{"drawMode":0,"name":"Shaded","section":"Shading Mode"},"sceneLighting":true,"audioPlay":false,"sceneViewState":{"m_AlwaysRefresh":false,"showFog":true,"showSkybox":true,"showFlares":true,"showImageEffects":true,"showParticleSystems":true,"showVisualEffectGraphs":true,"m_FxEnabled":true},"in2DMode":false,"pivot":{"x":163.91744995117188,"y":7.059752464294434,"z":4.387922286987305},"rotation":{"x":0.11626344919204712,"y":0.5694751739501953,"z":-0.08158066123723984,"w":0.8097522854804993},"size":3.5670063495635988,"orthographic":false}